<?xml version="1.0" encoding="UTF-8"?>
<!DOCTYPE suite SYSTEM "http://testng.org/testng-1.0.dtd">
<suite name="HappyDay" verbose="10">
  <test name="Test">
    <classes>
    
    <!--  Misc -->
    <class name="requirementGroup.HelpDocumentation.NewHelpDocumentation"/>
    <class name="requirementGroup.HomeButton.HappyDayHomeButton"/>
    <class name="requirementGroup.LoginAndLogout.NewLoginAndLogout"/>
    <class name="requirementGroup.ManagingViewInterface.HappyDayManagingViews"/>
    <class name="requirementGroup.Notifications.HappyDayExpiredStatusNotifications"/>
    <class name="requirementGroup.Notifications.HappyDayWebNotificationStatusUpdatePage"/>
    <class name="requirementGroup.RegionalInfoCalendar.NewEditBulletinMessage"/>
    <class name="requirementGroup.RegionalInfoCalendar.NewDeleteBulletinMessage"/>
    <class name="requirementGroup.RegionalInfoCalendar.NewCreateBulletinMessage"/>
    <class name="requirementGroup.RegionalInfoDocumentLibrary.NewCreateAfolder"/>
    <class name="requirementGroup.RegionalInfoDocumentLibrary.NewDeleteAFolder"/>
    <class name="requirementGroup.RegionalInfoDocumentLibrary.NewMoveADocument"/>
    <class name="requirementGroup.RegionalInfoDocumentLibrary.NewAttachinFiles"/>
    <class name="requirementGroup.RegionalInfoDocumentLibrary.NewDeleteADocument"/>
    <class name="requirementGroup.RegionalInfoDocumentLibrary.NewRenameAFolder"/>
    <class name="requirementGroup.RegionalInfoDocumentLibrary.NewAddADocument"/>
    <class name="requirementGroup.SettingUpRegions.NewCreateRegion"/>
    <class name="requirementGroup.SettingUpRegions.NewEditRegion"/>
    <class name="requirementGroup.SettingUpRegions.NewActivateSystemNotice"/>
    <class name="requirementGroup.StatusUpdate.NewHappyaDayUpdatingStatus"/>
    <class name="requirementGroup.VisibilityChanges.NewHappyDayVisibilityChanges"/>
    
							<!-- Events related  -->
    <class name="requirementGroup.CreatingAndManagingEvents.NewPrivateMultiRegionEvent"/>
    <class name="requirementGroup.CreatingAndManagingEvents.NewProvidingSecurityToEventTemplate"/>
    <class name="requirementGroup.CreatingAndManagingEvents.NewForAddStatusTypesToCurrentlyRunningEvent"/>
    <class name="requirementGroup.CreatingAndManagingEvents.HappyDayCreatingAndManagingEventsMultiBrowser"/>
    <class name="requirementGroup.CreatingAndManagingEvents.HappyDayEndMultiRegionEvent"/>
    <class name="requirementGroup.CreatingAndManagingEvents.NewEventlists"/>
    <class name="requirementGroup.CreatingAndManagingEvents.HappyDayDirectedEventsForTwoBrowsers"/>
    <class name="requirementGroup.CreatingAndManagingEvents.NewEditEvent"/>
    <class name="requirementGroup.CreatingAndManagingEvents.NewCreatePrivateEvent"/>
    <class name="requirementGroup.CreatingAndManagingEvents.HappyDayAdhocEventsOne"/>
    <class name="requirementGroup.CreatingAndManagingEvents.HappyDayCreatingAndManagingEvents"/>
    <class name="requirementGroup.CreatingAndManagingEvents.NewEndMultiRegionEvent"/>
    <class name="requirementGroup.CreatingAndManagingEvents.NewMultiRegionEventsWithResourcesAndStatusTypes"/>
    <class name="requirementGroup.CreatingAndManagingEvents.NewEventNotifications"/>
    <class name="requirementGroup.CreatingAndManagingEvents.NewCreatingAndManagingEvents"/>
    <class name="requirementGroup.CreatingAndManagingEvents.HappyDayAdhocEvents"/>
    <class name="requirementGroup.CreatingAndManagingEvents.HappyDayEditMultiRegionEvent"/>
    <class name="requirementGroup.CreatingAndManagingEvents.HappyDayMultiRegionEvent"/>
    <class name="requirementGroup.CreatingAndManagingEvents.NewCreateEvent"/>
    <class name="requirementGroup.CreatingAndManagingEvents.NewEditEventTemplate"/>
    <class name="requirementGroup.CreatingAndManagingEvents.NewCreateEventTemplate"/>
    
    					<!-- Reports Related -->
    <class name="requirementGroup.Reports.NewEventSnapshotReport"/>
    <class name="requirementGroup.Reports.HappyDayAdminReports"/>
    <class name="requirementGroup.Reports.HappyDayFormDetailReportUpdated"/>
    <class name="requirementGroup.Reports.HappyDayStatusDetailReport"/>
    <class name="requirementGroup.Reports.NewCreatingAndManagingUsers"/>
    <class name="requirementGroup.Reports.HappyDayEventDetailReport"/>
    <class name="requirementGroup.Reports.NewResourceDetailReport"/>
    <class name="requirementGroup.Reports.NewStatusSummaryReport"/>
    <class name="requirementGroup.Reports.HappyDayStatusSummaryReport"/>
    <class name="requirementGroup.Reports.NewHappyDayStatusDetailReport"/>
    <class name="requirementGroup.Reports.HappyDaySolutionsLink"/>
    <class name="requirementGroup.Reports.NewEventDetailReport"/>
    <class name="requirementGroup.Reports.HappyDayStatusReasonSummary"/>
    <class name="requirementGroup.Reports.HappyDayFormReports"/>
    <class name="requirementGroup.Reports.HappyDayNormalUsageReport"/>
    <class name="requirementGroup.Reports.NewStatewideResourceDetailsReport"/>
    <class name="requirementGroup.Reports.HappyDayNotificationHistoryReport"/>
    <class name="requirementGroup.Reports.HappyDayStatusReasonDetail"/>
    <class name="requirementGroup.Reports.HappyDayFormSummaryReport"/>
    <class name="requirementGroup.Reports.NewStatusReasonDetailReport"/>
    <class name="requirementGroup.Reports.HappyDayMonthlyStatusAssessmentReport"/>
    <class name="requirementGroup.Reports.NewStatusSnapshotReport"/>
    <class name="requirementGroup.Reports.NewHappyDayStatusReasonSummary"/>
    <class name="requirementGroup.Reports.HappyDayStatusSnapshotReport"/>
    <class name="requirementGroup.Reports.HappyDayResourceDetailReports"/>
    
    					<!-- MR VIEWS  -->
    <class name="requirementGroup.CreatingAndManagingMultiRegionViews.HappyDayCreatingMultiRegionViews"/>
   
  						 <!-- Setup  -->
    <class name="requirementGroup.SetUp.HappydayCreateDateStatusTypes"/>
    <class name="requirementGroup.SetUp.HappyDayMultiStatusesLabel"/>
    <class name="requirementGroup.SetUp.HappyDayEditStatusType"/>
    <class name="requirementGroup.SetUp.HappyDayStatusTypes1"/>
    <class name="requirementGroup.SetUp.HappyDayWebServiceUsers"/>
    <class name="requirementGroup.SetUp.HappyDayStatusTypes"/>
    <class name="requirementGroup.SetUp.NewHappyDayUsers"/>
    <class name="requirementGroup.SetUp.HappyDaySettingUpResourceTypes"/>
    <class name="requirementGroup.SetUp.NewHappyDayCreatingAndManagingUserLinks"/>
    <class name="requirementGroup.SetUp.HappyDayDelegatedUserManagement"/>
    <class name="requirementGroup.SetUp.HappyDaySettingUpOfResources"/>
    
 			  <!-- Roles related  -->
    <class name="requirementGroup.CreatingAndManagingRoles.HappyDayEventDetailReport"/>
    <class name="requirementGroup.CreatingAndManagingRoles.NewDefaultRole"/>
    <class name="requirementGroup.CreatingAndManagingRoles.NewDeleteRole"/>
    <class name="requirementGroup.CreatingAndManagingRoles.NewCreateRole"/>
    <class name="requirementGroup.CreatingAndManagingRoles.HappyDayCreateRole"/>
    <class name="requirementGroup.CreatingAndManagingRoles.NewAssigningUserToARole"/>
    <class name="requirementGroup.CreatingAndManagingRoles.NewEditRole"/>
    <class name="requirementGroup.SettingUpRoles.NewRoleWithOverrideViewingRestrictionsRight"/>
    <class name="requirementGroup.SettingUpRoles.RightsToViewUpdatePrivateStatusTypes"/>
    <class name="requirementGroup.SettingUpRoles.NewRightsToViewUpdateRoleBasedStatusTypes"/>
    <class name="requirementGroup.SettingUpRoles.NewEditResource"/>
    <class name="requirementGroup.SetUp.HappyDayCreateOREditRole"/>
    
   			<!-- Status types related  -->
    <class name="requirementGroup.CreatingAndManagingStatusTypes.CreatingAndManagingStatusTypes"/>
    <class name="requirementGroup.SettingUpStatusTypes.NewHappyDayEditNumberStatusType"/>
    <class name="requirementGroup.SettingUpStatusTypes.NewHappyDayCreateStatusTypeWithTimer"/>
    <class name="requirementGroup.SettingUpStatusTypes.NewHappyDayReceiveExpiredStatusNotificationsForSaturationScoreStatusType"/>
    <class name="requirementGroup.SettingUpStatusTypes.NewNEDOCAndSaturationScoreCalculation"/>
    <class name="requirementGroup.SettingUpStatusTypes.NewHappyDayEditTextStatusType"/>
    <class name="requirementGroup.SettingUpStatusTypes.NewHappyDayCommonScenarios"/>
    <class name="requirementGroup.SettingUpStatusTypes.HappyDayCreateMultiStatusType"/>
    <class name="requirementGroup.SettingUpStatusTypes.NewForEMR315NotToForceStatusUpdate"/>
    <class name="requirementGroup.SettingUpStatusTypes.NewNEDOCSLabels"/>
    <class name="requirementGroup.SettingUpStatusTypes.NewAssociatingSectionToAStatusType"/>
    <class name="requirementGroup.SettingUpStatusTypes.NewCreateStatusReason"/>
    <class name="requirementGroup.SettingUpStatusTypes.CommonScenariosForStatusTypes"/>
    <class name="requirementGroup.SettingUpStatusTypes.NewHappyDayCommonScenariosForStatusTypes"/>
    <class name="requirementGroup.SettingUpStatusTypes.NewEditStatusReason"/>
    <class name="requirementGroup.SettingUpStatusTypes.HappyDayReceiveExpiredStatusNotificationsForNumberStatusType"/>
    <class name="requirementGroup.SettingUpStatusTypes.HappyDayCreateTextStatusType"/>
    <class name="requirementGroup.SettingUpStatusTypes.InactivateResourceType"/>
    <class name="requirementGroup.SettingUpStatusTypes.NewReceiveExpiredEtatusNotificationsForMultiStatusType"/>
    <class name="requirementGroup.SettingUpStatusTypes.NewPrivateStatusTypes"/>
    <class name="requirementGroup.SettingUpStatusTypes.NewHappyDayInactiveNumberStatusType"/>
    <class name="requirementGroup.SettingUpStatusTypes.NewEditStatusType"/>
    <class name="requirementGroup.SettingUpStatusTypes.NewRoleBasedStatusTypes"/>
    <class name="requirementGroup.SettingUpStatusTypes.HappyDayReceiveExpiredStatusNotificationsFortextstatusType"/>
    <class name="requirementGroup.SettingUpStatusTypes.NewHappyDayCommonScenariosForStatusTypes1"/>
    <class name="requirementGroup.SettingUpStatusTypes.NewEditStatus"/>
    <class name="requirementGroup.SettingUpStatusTypes.HappyDayCreateSaturationScoreStatusType"/>
    <class name="requirementGroup.SettingUpStatusTypes.NewHappyDayEditMultiStatusType"/>
    <class name="requirementGroup.SettingUpStatusTypes.NewCreateNEDOCScoreStatusTypes"/>
    <class name="requirementGroup.SettingUpStatusTypes.NewHappyDayEditSaturationStatusType"/>
    <class name="requirementGroup.SettingUpStatusTypes.HappyDayCreateNumberStatusType"/>
    
    			<!-- Users related  -->
    <class name="requirementGroup.CreatingAndManagingUsers.NewProvideMultiRegionEventRightsForUser"/>
    <class name="requirementGroup.CreatingAndManagingUsers.NewForEMR315NotToForceStatusUpdate"/>
    <class name="requirementGroup.CreatingAndManagingUsers.ChallengeQuestionSetup"/>
    <class name="requirementGroup.CreatingAndManagingUsers.NewProvideAccessToRegionsForUser"/>
    <class name="requirementGroup.CreatingAndManagingUsers.NewCreateUser"/>
    <class name="requirementGroup.CreatingAndManagingUsers.NewResetPasswordOfAUser"/>
    <class name="requirementGroup.CreatingAndManagingUsers.NewImportedNewUserMinimumConfig"/>
    <class name="requirementGroup.CreatingAndManagingUsers.NewSearchUsers"/>
    <class name="requirementGroup.CreatingAndManagingUsers.NewHappyDayEditUser"/>
    <class name="requirementGroup.CreatingAndManagingUsers.HappyDayCreatingAndManagingUsers"/>
    <class name="requirementGroup.CreatingAndManagingUsers.NewForEMR315"/>
    <class name="requirementGroup.CreatingAndManagingUsers.NewSwitchUser"/>
    <class name="requirementGroup.CreatingAndManagingUsers.NewNewFeatureFor3Point15"/>
    <class name="requirementGroup.CreatingAndManagingUsers.NewForgotUserIDOrPasswordFunctionality"/>
    <class name="requirementGroup.CreatingAndManagingUsers.NewRemoveAUserFromARegion"/>
    <class name="requirementGroup.CreatingAndManagingUsers.NewHappyDaySwitchUser"/>
    <class name="requirementGroup.CreatingAndManagingUsers.CreateUser"/>
    <class name="requirementGroup.SettingUpUsers.NewRefineStatusTypes"/>
    <class name="requirementGroup.SettingUpUsers.NewRightsoViewUpdateRoleBasedStatusTypes"/>
    <class name="requirementGroup.SettingUpUsers.NewViewResourceRight"/>
    <class name="requirementGroup.SettingUpUsers.RightsToViewUpdatePrivateStatusTypes"/>
    <class name="requirementGroup.SettingUpUsers.NewRightToConfigureForms"/>
    <class name="requirementGroup.SettingUpUsers.BQSRightsToViewOrUpdatePrivateStatusTypes"/>
    <class name="requirementGroup.SettingUpUsers.NewUsersWithOverrideViewingRestrictionsRight"/>
    
    			<!-- Views related  -->
    <class name="requirementGroup.CreatingAndManagingViews.HappyDayCreatingAndManagingViews"/>
    
    			<!-- Resources related  -->
    <class name="requirementGroup.SettingUpResources.NewUserAssignmentForViewingTheResourceAndStatusTypes"/>
    <class name="requirementGroup.SettingUpResources.NewProvideResourceRights"/>
    <class name="requirementGroup.SettingUpResources.NewEditStatusTypesAtResourceLevel"/>
    <class name="requirementGroup.SettingUpResources.NewCreateResource"/>
    <class name="requirementGroup.SettingUpResources.NewImportSubResourcesFromSpreadsheet"/>
    <class name="requirementGroup.SettingUpResources.NewResourceSearch"/>
    <class name="requirementGroup.SettingUpResources.HappyDayImportUsersFromSpreadsheet"/>
 <class name="requirementGroup.SettingUpResources.HappyDayImportUsersAndResources"/>
    <class name="requirementGroup.SettingUpResources.HappyDayImportResourcesFromSpreadsheet"/>
    
    			<!-- ResourceType related  -->
    <class name="requirementGroup.SettingUpResourceTypes.ChangeResourceTypeOfAResource"/>
    <class name="requirementGroup.SettingUpResourceTypes.NewInactivateResourceType1"/>
    <class name="requirementGroup.SettingUpResourceTypes.NewHappyDayEditResourceType"/>
    <class name="requirementGroup.SettingUpResourceTypes.NewCreateResourceType"/>
    <class name="requirementGroup.SettingUpResourceTypes.NewInactivateResourcetype"/>
    
    <!-- Viewing And managing EMResource Entities On The View Interface -->
    <class name="requirementGroup.ViewingAndmanagingEMResourceEntitiesOnTheViewInterface.HappyDayPrintViewsAndEvents"/>
    <class name="requirementGroup.ViewingAndmanagingEMResourceEntitiesOnTheViewInterface.NewUpdateStatusScreen"/>
    <class name="requirementGroup.ViewingAndmanagingEMResourceEntitiesOnTheViewInterface.NewEMResourceIntegrationWithWebEOC"/>
    <class name="requirementGroup.ViewingAndmanagingEMResourceEntitiesOnTheViewInterface.HappyDayExcelViewsAndEvents"/>
    <class name="requirementGroup.ViewingAndmanagingEMResourceEntitiesOnTheViewInterface.HappyDayViewResourceDetailScreen"/>
    <class name="requirementGroup.ViewingAndmanagingEMResourceEntitiesOnTheViewInterface.NewDeleteRegionView"/>
    <class name="requirementGroup.ViewingAndmanagingEMResourceEntitiesOnTheViewInterface.NewViewResourceDetailScreen"/>
    <class name="requirementGroup.ViewingAndmanagingEMResourceEntitiesOnTheViewInterface.NewCopyRegionView"/>
    <class name="requirementGroup.ViewingAndmanagingEMResourceEntitiesOnTheViewInterface.NewSettingUpOfRegionViews"/>
    
    <!-- CREDENCE  -->
    <class name="requirementGroup.Credence.HappyDayLinkingEMResourceWithCORESandWebEOC"/>
    <class name="requirementGroup.Credence.HappyDayPasswordResetAndOthers"/>
    <class name="requirementGroup.Credence.HappyDayLogout"/>
    
    <!-- Integration with EICS  -->
    <class name="requirementGroup.EMResourceIntegartionWithEICS.HappyDaySupportMultipleIncidentsFromEICS2Browsers"/>
    <class name="requirementGroup.EMResourceIntegartionWithEICS.HappyDayEMResourceFacilityStatusViewInEICS"/>
    <class name="requirementGroup.EMResourceIntegartionWithEICS.HappyDaySupportMultipleIncidentsFromEICS"/>
    <class name="requirementGroup.EMResourceIntegartionWithEICS.HappyDayHICSIncidentViewInEMResource3Browsers"/>
    <class name="requirementGroup.Notifications.NewICSNotifications"/>
    
    <!-- Integration with EMTrack  -->
    <class name="requirementGroup.EMResourceIntegartionWithEMTrack.UserInterfaceForManualIPNEntry"/>
    <class name="requirementGroup.EMResourceIntegartionWithEMTrack.NewHappyDayEMResourceIntegrationWithEMTrack"/>
    <class name="requirementGroup.EMResourceIntegartionWithEMTrack.HappyDayIncomingPatientNotification"/>
    <class name="requirementGroup.Notifications.HappyDayIncomingPatientNotifications"/>
    
    <!-- HAvBED  -->
    <class name="requirementGroup.HAvBED.SendingAggregateDataToHHS"/>
    <class name="requirementGroup.HAvBED.NewPromptUserToSelectAState"/>
    <class name="requirementGroup.HAvBED.HappyDaySendingAggregateDataToHHS"/>
    
    <!-- Multi region related  -->
    <class name="requirementGroup.MultiRegion.NewRegionsWithMutualAgreementAndOtherRegionViewRight"/>
    <class name="requirementGroup.MultiRegion.NewMultiRegionUserWithLoginAccessToMultipleRegions"/>
    <class name="requirementGroup.MultiRegion.NewDirectAccessToMultipleRegions"/>
    <class name="requirementGroup.MultiRegion.NewNotifications"/>
    <class name="requirementGroup.MultiRegion.NewMultiRegionView"/>
    <class name="requirementGroup.MultiRegion.NewRegionsWithMutualAgreementAndDirectAccess"/>
    <class name="requirementGroup.MultiRegion.NewSetupCustomView"/>
    
    <!-- Preferences  -->
    <class name="requirementGroup.PreferencesEventNotificationsPreferences.NewSelectnotificationPreferencesForAnEventTemplate"/>
    <class name="requirementGroup.PreferencesStatusChangePrefs.NewDeleteStatusChangePreferences"/>
    <class name="requirementGroup.PreferencesStatusChangePrefs.NewEditStatusChangePreferences"/>
    <class name="requirementGroup.PreferencesStatusChangePrefs.HappyDayAddStatusChangePreferences"/>
    <class name="requirementGroup.PreferencesUserInfo.EditUserInformation"/>
    <class name="requirementGroup.PreferencesChangePassword.NewChangePassword"/>
    
    <!-- Resource Hierarchies  -->
    <class name="requirementGroup.ResourceHierarchies.NewViewingManagingEMResourceEntitiesOnTheViewInterface3Browser"/>
    <class name="requirementGroup.ResourceHierarchies.HappyDayNewEditingSubResource"/>
    <class name="requirementGroup.ResourceHierarchies.NewCreatingSubResourceType"/>
    <class name="requirementGroup.ResourceHierarchies.NewViewingAndManagingEMResourceEntitiesOnTheViewInterface"/>
    <class name="requirementGroup.ResourceHierarchies.NewViewingManagingEMResourceEntitiesOnTheViewInterface"/>
    <class name="requirementGroup.ResourceHierarchies.NewCreatingAndManagingEvents"/>
    <class name="requirementGroup.ResourceHierarchies.NewCreatingAndManagingUsers"/>
    <class name="requirementGroup.ResourceHierarchies.NewNotifications"/>
    <class name="requirementGroup.ResourceHierarchies.HappyDayNewCreatingSubResource"/>
    <class name="requirementGroup.ResourceHierarchies.NewCreatingAndDemoteResource"/>
    
    <!-- Interfaces related  -->
    <class name="requirementGroup.SettingRegionInterfaces.HappyDayCreateRegionInterfaceOfTypeGetRegionConfiguration"/>
    <class name="requirementGroup.SettingRegionInterfaces.HappyDaysCreateRegionInterfaceOfTypePostResourceDetailStatus"/>
    <class name="requirementGroup.SettingRegionInterfaces.HappyDaysCreateRegionInterfaceOfTypeUpdateResourceAvailability"/>
    <class name="requirementGroup.SettingRegionInterfaces.HappyDayCreateRegionInterfaceOfTypeGetHospitalStatus"/>
    <class name="requirementGroup.SettingRegionInterfaces.HappyDayDeleteRegionInterfaceOfTypeGetRegionConfiguration"/>
    <class name="requirementGroup.SettingRegionInterfaces.HappyDayEditRegionInterfaceOfTypeGetActiveEvents"/>
    <class name="requirementGroup.SettingRegionInterfaces.HappyDaysEditRegionInterfaceOfTypeUpdateResourceAvailability"/>
    <class name="requirementGroup.SettingRegionInterfaces.HappyDayEditRegionInterfaceOfTypeGetEDXLHAVE"/>
    <class name="requirementGroup.SettingRegionInterfaces.HappyDayCreaterRegionInterfaceOfTypeGetEDXLHAVE"/>
    <class name="requirementGroup.SettingRegionInterfaces.HappyDayEditRegionInterfaceOfTypePostResourceDetailStatus"/>
    <class name="requirementGroup.SettingRegionInterfaces.HappyDayDeleteRegionInterfaceOfTypeLegacyGetHospitalStatus"/>
    <class name="requirementGroup.SettingRegionInterfaces.HappyDayEditRegionInterfaceOfTypeGetCADStatus"/>
    <class name="requirementGroup.SettingRegionInterfaces.HappyDayDeleteRegionInterfaceOfTypeGetActiveEvents"/>
    <class name="requirementGroup.SettingRegionInterfaces.HappyDayEditRegionInterfaceOfTypeUpdateCADStatus"/>
    <class name="requirementGroup.SettingRegionInterfaces.HappyDayCreaterRegionInterfaceOfTypeUpdateCADStatus"/>
    <class name="requirementGroup.SettingRegionInterfaces.HappyDayCreateRegionInterfaceOfTypeGetActiveEvents"/>
    <class name="requirementGroup.SettingRegionInterfaces.HappyDayEditRegionInterfaceOfTypeGetHospitalStatus"/>
    <class name="requirementGroup.SettingRegionInterfaces.HappyDayCreaterRegionInterfaceOfTypeGetCADStatus"/>
    <class name="requirementGroup.SettingRegionInterfaces.HappyDayEditRegionInterfaceOfTypeLegacyGetHospitalStatus"/>
    <class name="requirementGroup.SettingRegionInterfaces.HappyDayRegionInterfaceOfTypeChicagoGetHospitalStatus"/>
    <class name="requirementGroup.SettingRegionInterfaces.HappyDayCreateRegionInterfaceOfTypeLegacyGetHospitalStatus"/>
    <class name="requirementGroup.SettingRegionInterfaces.HappyDayEditRegionInterfaceOfTypeGetRegionConfiguration"/>

    </classes>
  </test> <!-- Test -->
</suite> <!-- Suite -->